state,county,n,features,coef,R2,nrmse,rmse,low_nrmse,up_nrmse,low_rmse,up_rmse
california,"alameda,imperial,losangeles,riverside,sacramento,sanfrancisco,santaclara,sonoma",1033,constant,0.0,0.7849440088318512,0.3106138690287723,0.2585020931557666,0.26443977289681697,0.3436899193910363,0.2264459010876811,0.2816888322914079
california,"alameda,imperial,losangeles,riverside,sacramento,sanfrancisco,santaclara,sonoma",1033,time,0.014859779707325077,0.7849440088318512,0.3106138690287723,0.2585020931557666,0.26443977289681697,0.3436899193910363,0.2264459010876811,0.2816888322914079
california,"alameda,imperial,losangeles,riverside,sacramento,sanfrancisco,santaclara,sonoma",1033,HOUSEHOLD_MEDIAN_INCOME_DOLLARS,0.35965240633321416,0.7849440088318512,0.3106138690287723,0.2585020931557666,0.26443977289681697,0.3436899193910363,0.2264459010876811,0.2816888322914079
california,"alameda,imperial,losangeles,riverside,sacramento,sanfrancisco,santaclara,sonoma",1033,HIGH_SCHOOL_GRADUATE_OR_HIGHER_25_PLUS_TOTAL,0.14680108920689566,0.7849440088318512,0.3106138690287723,0.2585020931557666,0.26443977289681697,0.3436899193910363,0.2264459010876811,0.2816888322914079
california,"alameda,imperial,losangeles,riverside,sacramento,sanfrancisco,santaclara,sonoma",1033,BACHELOR_DEGREE_OR_HIGHER_25_PLUS_TOTAL,-1.0863274460330539,0.7849440088318512,0.3106138690287723,0.2585020931557666,0.26443977289681697,0.3436899193910363,0.2264459010876811,0.2816888322914079
california,"alameda,imperial,losangeles,riverside,sacramento,sanfrancisco,santaclara,sonoma",1033,PUBLIC_TRANSPORTATION,0.5614164691505065,0.7849440088318512,0.3106138690287723,0.2585020931557666,0.26443977289681697,0.3436899193910363,0.2264459010876811,0.2816888322914079
california,"alameda,imperial,losangeles,riverside,sacramento,sanfrancisco,santaclara,sonoma",1033,CAR_TRUCK_VAN_ALONE,0.3443629257191858,0.7849440088318512,0.3106138690287723,0.2585020931557666,0.26443977289681697,0.3436899193910363,0.2264459010876811,0.2816888322914079
california,"alameda,imperial,losangeles,riverside,sacramento,sanfrancisco,santaclara,sonoma",1033,CAR_TRUCK_VAN_CARPOOL,0.2713343506272927,0.7849440088318512,0.3106138690287723,0.2585020931557666,0.26443977289681697,0.3436899193910363,0.2264459010876811,0.2816888322914079
