state,county,n,features,coef,R2,nrmse,rmse,low_nrmse,up_nrmse,low_rmse,up_rmse
california,"alameda,imperial,losangeles,riverside,sacramento,sanfrancisco,santaclara,sonoma",344,constant,0.0,0.6203713567304789,0.13681089655964196,0.13578972013177754,0.09998315629076027,0.161969416746957,0.10430197197016233,0.15378308984683778
california,"alameda,imperial,losangeles,riverside,sacramento,sanfrancisco,santaclara,sonoma",344,time,-0.010577058104756303,0.6203713567304789,0.13681089655964196,0.13578972013177754,0.09998315629076027,0.161969416746957,0.10430197197016233,0.15378308984683778
california,"alameda,imperial,losangeles,riverside,sacramento,sanfrancisco,santaclara,sonoma",344,HOUSEHOLD_MEDIAN_INCOME_DOLLARS,-0.20163944882944887,0.6203713567304789,0.13681089655964196,0.13578972013177754,0.09998315629076027,0.161969416746957,0.10430197197016233,0.15378308984683778
california,"alameda,imperial,losangeles,riverside,sacramento,sanfrancisco,santaclara,sonoma",344,HIGH_SCHOOL_GRADUATE_OR_HIGHER_25_PLUS_TOTAL,0.4882515967902091,0.6203713567304789,0.13681089655964196,0.13578972013177754,0.09998315629076027,0.161969416746957,0.10430197197016233,0.15378308984683778
california,"alameda,imperial,losangeles,riverside,sacramento,sanfrancisco,santaclara,sonoma",344,BACHELOR_DEGREE_OR_HIGHER_25_PLUS_TOTAL,-0.2666008567692858,0.6203713567304789,0.13681089655964196,0.13578972013177754,0.09998315629076027,0.161969416746957,0.10430197197016233,0.15378308984683778
california,"alameda,imperial,losangeles,riverside,sacramento,sanfrancisco,santaclara,sonoma",344,PUBLIC_TRANSPORTATION,-0.1085649028854624,0.6203713567304789,0.13681089655964196,0.13578972013177754,0.09998315629076027,0.161969416746957,0.10430197197016233,0.15378308984683778
california,"alameda,imperial,losangeles,riverside,sacramento,sanfrancisco,santaclara,sonoma",344,CAR_TRUCK_VAN_ALONE,-0.13372959842952026,0.6203713567304789,0.13681089655964196,0.13578972013177754,0.09998315629076027,0.161969416746957,0.10430197197016233,0.15378308984683778
california,"alameda,imperial,losangeles,riverside,sacramento,sanfrancisco,santaclara,sonoma",344,CAR_TRUCK_VAN_CARPOOL,0.19326510555708157,0.6203713567304789,0.13681089655964196,0.13578972013177754,0.09998315629076027,0.161969416746957,0.10430197197016233,0.15378308984683778
