,HOUSEHOLD_MEDIAN_INCOME_DOLLARS,HIGH_SCHOOL_GRADUATE_OR_HIGHER_25_PLUS_TOTAL,BACHELOR_DEGREE_OR_HIGHER_25_PLUS_TOTAL,PUBLIC_TRANSPORTATION,CAR_TRUCK_VAN_ALONE,CAR_TRUCK_VAN_CARPOOL
White,0.9338574746089925,729.1477114276895,226.48536881893105,3.917516489100835,269.51829516271124,26.80827605674439
Black,0.845261744215327,502.2016707104921,136.22411612877457,9.50445993697428,193.96092344026138,28.666582038561963
American Indian/Alaska Native,0.7449427827984667,197.7828297661199,32.509327684521644,4.9052868645656735,81.2965401596502,11.593686918642788
Asian,1.1363560057077307,537.8309536074662,268.60908929083337,6.8318231408495675,221.6836210834906,39.77278706812179
Native Hawaiian/Pacific Islander,1.02119414677821,418.8345410285823,110.60308126219871,11.650056303343472,193.0792828791692,27.535006431776615
Multi-Race,1.0278111972244761,414.92177572622955,116.460985637273,4.7463192346954886,235.9857901856513,33.6538967499492
Hispanic,0.7639125933801516,338.71702854348797,49.77037464592847,5.043179928647352,259.49855618960345,43.688876871752235
