,HOUSEHOLD_MEDIAN_INCOME_DOLLARS,HIGH_SCHOOL_GRADUATE_OR_HIGHER_25_PLUS_TOTAL,BACHELOR_DEGREE_OR_HIGHER_25_PLUS_TOTAL,PUBLIC_TRANSPORTATION,CAR_TRUCK_VAN_ALONE,CAR_TRUCK_VAN_CARPOOL
White,0.8515152599377438,756.4643004243153,394.95430278281987,14.114340977772706,424.4520768721714,34.774895853101455
Black,0.5472586973892924,569.3036243163859,163.34896896484696,34.58560607034072,291.74189829168404,28.21631445904502
American Indian/Alaska Native,0.6493613367204552,230.70492510652878,51.37764885718563,24.477362094343366,154.14933960617358,30.23176549183395
Asian,0.8983744200746598,633.1641447195052,373.5993546142995,20.212367183965355,366.688580578322,54.96684634878899
Native Hawaiian/Pacific Islander,0.8280916431118585,389.9251198338657,84.91791152340542,14.278461221700299,269.76134431080374,23.513595382537513
Multi-Race,0.8387539208319916,547.5522358583256,231.92848115969653,23.950967210594047,371.28443087938587,51.578209226211314
Hispanic,0.6286688849929037,364.5295782114104,73.34362774985576,37.42954649474522,326.3779227464045,53.80065445551792
