,HOUSEHOLD_MEDIAN_INCOME_DOLLARS,HIGH_SCHOOL_GRADUATE_OR_HIGHER_25_PLUS_TOTAL,BACHELOR_DEGREE_OR_HIGHER_25_PLUS_TOTAL,PUBLIC_TRANSPORTATION,CAR_TRUCK_VAN_ALONE,CAR_TRUCK_VAN_CARPOOL
White,0.9670634250661264,713.1406277589859,266.5116590432932,9.983959962518702,396.66444554739405,39.95273301906862
Black,0.6433676627834993,508.9247527766064,121.8506435036873,21.641818667965467,231.6235911972504,29.153514207670362
American Indian/Alaska Native,0.760706849006697,261.8888383466769,49.82631662820161,5.19267535964077,132.87879705526467,20.314275196760256
Asian,0.9974956384714952,501.4063680003468,240.94005583326816,10.145353118625872,281.3903937640899,53.00489452600049
Native Hawaiian/Pacific Islander,0.8725730204288368,460.13347835831274,67.404301008973,5.991548491893195,306.64337781984153,36.83357590621366
Multi-Race,0.7932354099836795,397.46730321438224,119.2659631970534,10.442413085870998,260.64687114686535,42.19118694711746
Hispanic,0.765054308064607,380.50080733703146,85.51248663584148,8.816861007138234,292.7837901217697,48.69523594380789
