,HOUSEHOLD_MEDIAN_INCOME_DOLLARS,HIGH_SCHOOL_GRADUATE_OR_HIGHER_25_PLUS_TOTAL,BACHELOR_DEGREE_OR_HIGHER_25_PLUS_TOTAL,PUBLIC_TRANSPORTATION,CAR_TRUCK_VAN_ALONE,CAR_TRUCK_VAN_CARPOOL
White,114827.0,775.542271374695,473.43150944830893,19.993534339461068,496.0943426094095,48.01855467466728
Hispanic,75313.0,406.79678730524955,100.4247213997755,21.47725032834471,398.06610050979026,78.20233503401715
Asian,138903.0,600.0074907335423,429.61458313881633,21.062580769446235,374.1060157985317,60.53397970702826
Black,74284.0,552.1133661416214,228.19623675913473,36.671457589660854,406.6201843887839,50.501283293530825
Native Hawaiian/Pacific Islander,93391.0,465.6996491431915,107.99584200446922,29.94835703155636,337.34415297439847,61.479823139950575
