,HOUSEHOLD_MEDIAN_INCOME_DOLLARS,HIGH_SCHOOL_GRADUATE_OR_HIGHER_25_PLUS_TOTAL,BACHELOR_DEGREE_OR_HIGHER_25_PLUS_TOTAL,PUBLIC_TRANSPORTATION,CAR_TRUCK_VAN_ALONE,CAR_TRUCK_VAN_CARPOOL
hispanic,0.7683378672804934,339.31630254778884,69.64609380779758,7.253560272154912,322.3104737054763,80.7259507495784
white,0.9811174435923632,773.8697349907254,334.2827807778535,9.283548778238746,362.59467116307525,34.55247884281149
asian_pacific_islander,0.943171629389825,584.3393966856551,276.9776022786121,8.10509451061626,397.87125954112537,79.48052934951478
non_hispanic,0.91171600526501,473.8272856062906,135.3260772513795,11.115921154842052,296.83629650658565,53.838216667810556
