,HOUSEHOLD_MEDIAN_INCOME_DOLLARS,HIGH_SCHOOL_GRADUATE_OR_HIGHER_25_PLUS_TOTAL,BACHELOR_DEGREE_OR_HIGHER_25_PLUS_TOTAL,PUBLIC_TRANSPORTATION,CAR_TRUCK_VAN_ALONE,CAR_TRUCK_VAN_CARPOOL
White,0.9414926531026904,791.6853394314745,471.49304535492416,86.2958460003985,384.1374937749141,38.815493538375755
Black,0.4559324694995244,617.1463221511416,191.9104225113395,78.45076909127135,267.42586289114826,30.78809520066747
Native American,0.5820442014462905,317.8744144765796,81.26358234565537,25.104246109206837,137.8483829335816,33.74037830210134
Asian,1.0731734348014814,581.3693430344703,373.36298472708177,63.479544921655375,235.66525404310764,44.238545544705616
Pacific Islander,0.7372202776212862,556.4434052182426,112.68477560871219,61.36593493361672,235.87389968635074,46.393020165389345
Hispanic,0.6690063448377772,402.22548706821533,104.40122156539385,47.365971078245636,312.7860168806829,66.78098418425999
Multi-Race,0.809497861965145,485.88522910454736,233.55775664267887,67.75821982253511,269.5701710701151,48.97041017457764
