time,y,y_pred
1,2.7726120033812336,2.786831667268317
2,2.787429413753165,2.789209857203793
4,2.797685406381058,2.793966237074746
5,2.7989376759275446,2.7963444270102222
6,2.803586494573618,2.7987226169456987
8,2.808302808302808,2.803478996816651
1,0.30818148465207285,0.29711075266525655
4,0.3064445519688487,0.3042453224716857
6,0.30477334188518235,0.30900170234263835
8,0.30471648118706945,0.313758082213591
