state,county,n,nrmse,rmse,low_nrmse,up_nrmse,low_rmse,up_rmse
california,imperial,18,7.364532368004757e-10,2.2575235006989164e-10,7.834140264142765e-11,4.4315618809184744e-10,2.6536602236603023e-11,2.435360289975029e-10
california,sacramento,224,1.471962816180823e-09,2.888898623669026e-10,1.0062411471875802e-10,2.2510748297343335e-09,1.8540722318054007e-11,4.3904598349920817e-10
california,alameda,183,3.087949558155982e-10,8.966767795787231e-11,6.86765651639494e-11,6.521814305650663e-10,1.5937822673339153e-11,1.959904312942085e-10
california,losangeles,516,2.632658624665583e-09,1.3017711678406202e-09,1.1445674042678683e-09,2.74674761193114e-09,4.895755198891709e-10,7.998607902596441e-10
california,sanfrancisco,92,6.704957080154085e-10,8.729368601759816e-11,1.7617651404459602e-10,4.389582040056968e-10,3.165202101399647e-11,3.9722843217485454e-11
california,santaclara,231,inf,3.0465608120671147e-10,inf,inf,1.945022081800937e-11,6.308332852526496e-10
