state,county,n,nrmse,rmse,low_nrmse,up_nrmse,low_rmse,up_rmse
california,imperial,17,4.944328948177524e-10,1.7689937423400812e-10,2.353601332543643e-11,2.633805995295461e-10,1.1238135769198188e-11,9.606028611441885e-11
california,sacramento,215,1.3188953008227126e-09,2.532514343582763e-10,4.5758328249128356e-10,2.3586113250735165e-09,1.0127738193940774e-10,4.0919856080443665e-10
california,alameda,183,3.087949558155982e-10,8.966767795787231e-11,8.737796463663542e-11,9.51819713013104e-10,1.3034470759295083e-11,1.7876887688045478e-10
california,losangeles,461,2.2550675337499196e-09,1.1169649953089857e-09,1.2167088622952634e-09,1.6732113296748599e-09,5.110125516760228e-10,9.070232792558087e-10
california,sanfrancisco,90,6.573776899139959e-10,8.627540148347595e-11,3.446023823489228e-10,5.032990942808923e-10,4.2368413391866456e-11,7.044318126499712e-11
california,santaclara,207,6.34008464095595e-10,1.5938380386024977e-10,4.819408027653943e-10,7.56729082266794e-10,1.1236934977439819e-10,1.7390476965700567e-10
california,"alameda,imperial,riverside,sacramento,sanfrancisco,sonoma",505,4.038943958850216e-10,9.582399389925151e-11
california,"alameda,imperial,riverside,sacramento,sanfrancisco,sonoma",505,4.0389425957381907e-10,9.582395322771496e-11
california,None,450,3.831605768068459e-09,1.3445398926016496e-09
california,None,450,3.831603681192653e-09,1.3445390998407308e-09
california,"alameda,imperial,riverside,sacramento,sanfrancisco,sonoma",505,4.038944282221062e-10,9.582402275405784e-11
california,"alameda,imperial,riverside,sacramento,sanfrancisco,sonoma",505,4.038942086131558e-10,9.582392887975457e-11
california,None,450,3.831603230899139e-09,1.3445389780245934e-09
california,None,450,3.831604181843808e-09,1.344539325462721e-09
