time,y,y_pred
1,2.7726120033812336,2.786831622458395
2,2.787429413753165,2.789209825836848
4,2.797685406381058,2.7939662325937533
5,2.7989376759275446,2.7963444359722063
6,2.803586494573618,2.7987226393506592
8,2.808302808302808,2.803479046107565
1,0.30818148465207285,0.2971107022540951
4,0.3064445519688487,0.30424531238945374
6,0.30477334188518235,0.30900171914635943
8,0.30471648118706945,0.31375812590326513
